customer_id,email,country_code,age,revenue_eur
0,user0@example.com,AT,999,790.75
1,user1@example.com,XX,999,632.3
2,user2@example.com,DE,999,-50.0
3,user3@example.com,XX,77,-50.0
4,user4@example.com,CH,47,69.29
5,user5@example.com,XX,67,1723.45
6,user6@example.com,XX,62,1541.5
7,user7@example.com,XX,21,670.7
8,user8@example.com,,22,1835.63
9,invalid_mail,DE,45,-50.0
10,user10@example.com,CH,999,1726.62
11,user11@example.com,XX,-1,-50.0
12,user12@example.com,XX,999,1030.34
13,user13@example.com,CH,-1,-50.0
14,user14@example.com,DE,37,1689.9
15,user15@example.com,XX,999,1313.44
16,user16@example.com,XX,-1,1730.25
17,user17@example.com,CH,-1,278.49
18,user18@example.com,DE,47,-50.0
19,user19@example.com,XX,999,911.65
20,user20@example.com,CH,60,-50.0
21,user21@example.com,XX,-1,-50.0
22,user22@example.com,AT,-1,-50.0
23,user23@example.com,XX,-1,1768.81
24,user24@example.com,DE,999,267.91
25,user25@example.com,CH,-1,555.44
26,user26@example.com,CH,999,1718.25
27,user27@example.com,DE,-1,1535.39
28,user28@example.com,AT,24,-50.0
29,user29@example.com,CH,-1,-50.0
30,user30@example.com,XX,-1,13.35
30,user31@example.com,AT,32,-50.0
32,user32@example.com,AT,999,-50.0
33,user33@example.com,XX,999,-50.0
34,user34@example.com,CH,-1,1670.35
35,user35@example.com,AT,999,104.56
36,user36@example.com,AT,-1,-50.0
37,user37@example.com,CH,999,-50.0
38,user38@example.com,AT,-1,147.17
39,user39@example.com,CH,999,380.48
40,user40@example.com,CH,-1,-50.0
41,user41@example.com,AT,-1,-50.0
42,user42@example.com,CH,59,682.24
43,user43@example.com,CH,999,823.11
44,user44@example.com,CH,999,1086.55
45,user45@example.com,XX,-1,1503.51
46,user46@example.com,AT,999,1813.7
47,user47@example.com,DE,18,-50.0
48,user48@example.com,AT,-1,151.83
48,user49@example.com,XX,55,-50.0
50,user50@example.com,DE,21,-50.0
51,user51@example.com,AT,999,-50.0
52,user52@example.com,DE,-1,-50.0
53,user53@example.com,XX,-1,811.2
54,user54@example.com,XX,69,856.86
55,user55@example.com,CH,999,-50.0
56,user56@example.com,XX,-1,1091.31
57,user57@example.com,CH,-1,1821.22
58,user58@example.com,XX,-1,-50.0
59,user59@example.com,AT,74,-50.0
60,user60@example.com,XX,999,1752.31
61,user61@example.com,CH,999,1499.76
62,user62@example.com,XX,-1,-50.0
63,user63@example.com,XX,999,767.27
64,user64@example.com,XX,999,192.03
65,user65@example.com,XX,49,1096.28
66,invalid_mail,XX,999,-50.0
67,user67@example.com,AT,46,1512.4
68,user68@example.com,DE,999,-50.0
69,user69@example.com,CH,25,1720.65
70,user70@example.com,CH,20,-50.0
71,user71@example.com,CH,78,1505.1
72,user72@example.com,DE,999,-50.0
73,user73@example.com,XX,999,62.54
74,user74@example.com,CH,32,36.41
75,user75@example.com,CH,999,1858.79
76,user76@example.com,AT,42,1155.54
77,user77@example.com,CH,999,-50.0
78,user78@example.com,AT,999,83.86
79,user79@example.com,XX,-1,-50.0
80,user80@example.com,DE,-1,1827.95
81,user81@example.com,CH,50,-50.0
82,invalid_mail,XX,999,146.31
83,user83@example.com,AT,999,1411.27
84,user84@example.com,CH,73,880.81
85,user85@example.com,DE,20,762.86
86,user86@example.com,DE,-1,-50.0
87,invalid_mail,CH,77,130.25
88,user88@example.com,XX,-1,-50.0
89,invalid_mail,AT,999,438.29
90,user90@example.com,DE,999,1307.26
91,user91@example.com,CH,-1,-50.0
92,user92@example.com,DE,999,-50.0
93,invalid_mail,XX,-1,1057.54
94,user94@example.com,AT,999,1274.91
95,user95@example.com,AT,999,1791.74
96,user96@example.com,XX,32,-50.0
97,user97@example.com,AT,999,1269.41
98,user98@example.com,DE,999,-50.0
99,user99@example.com,AT,-1,-50.0
100,user100@example.com,XX,-1,1491.17
101,user101@example.com,CH,49,1106.06
102,invalid_mail,AT,999,-50.0
103,user103@example.com,CH,999,1049.79
104,user104@example.com,CH,-1,456.45
105,user105@example.com,DE,999,-50.0
106,user106@example.com,CH,-1,322.32
107,user107@example.com,CH,-1,-50.0
108,user108@example.com,CH,999,956.08
109,user109@example.com,AT,999,-50.0
110,user110@example.com,CH,80,-50.0
111,user111@example.com,XX,73,1630.59
112,user112@example.com,AT,999,995.97
113,user113@example.com,AT,999,-50.0
114,user114@example.com,AT,999,-50.0
115,user115@example.com,AT,37,-50.0
116,user116@example.com,XX,-1,1713.88
117,user117@example.com,DE,999,1104.0
118,user118@example.com,XX,46,-50.0
119,user119@example.com,DE,999,151.22
120,user120@example.com,DE,52,102.34
121,user121@example.com,DE,999,937.46
122,user122@example.com,AT,-1,1795.4
123,user123@example.com,AT,999,1373.95
124,user124@example.com,CH,999,-50.0
125,user125@example.com,XX,-1,1997.15
126,user126@example.com,XX,31,1846.97
127,invalid_mail,CH,999,1029.65
128,invalid_mail,AT,65,1732.38
129,user129@example.com,AT,999,597.59
130,user130@example.com,CH,999,1174.25
131,user131@example.com,AT,26,-50.0
132,user132@example.com,DE,-1,-50.0
133,user133@example.com,DE,55,-50.0
134,user134@example.com,DE,27,-50.0
135,user135@example.com,XX,-1,-50.0
136,user136@example.com,XX,999,1579.35
137,user137@example.com,AT,999,1539.96
138,user138@example.com,CH,-1,260.26
139,user139@example.com,XX,-1,1824.73
140,user140@example.com,XX,999,667.4
141,user141@example.com,XX,-1,731.1
142,user142@example.com,AT,-1,1907.25
143,user143@example.com,AT,999,1810.91
144,user144@example.com,AT,-1,1668.8
145,user145@example.com,DE,66,-50.0
146,user146@example.com,DE,999,760.91
147,user147@example.com,CH,999,535.87
148,user148@example.com,AT,57,-50.0
149,user149@example.com,DE,-1,1400.99
150,user150@example.com,AT,999,73.01
151,user151@example.com,CH,76,1897.57
152,user152@example.com,AT,-1,-50.0
153,user153@example.com,CH,999,-50.0
154,user154@example.com,AT,-1,1821.12
155,user155@example.com,DE,-1,1539.58
156,user156@example.com,CH,999,-50.0
157,user157@example.com,AT,999,760.64
158,user158@example.com,AT,-1,636.67
159,user159@example.com,DE,34,-50.0
160,user160@example.com,DE,-1,-50.0
161,user161@example.com,DE,999,-50.0
162,user162@example.com,DE,-1,1139.04
163,user163@example.com,XX,-1,-50.0
164,user164@example.com,XX,-1,129.44
165,user165@example.com,DE,-1,-50.0
166,user166@example.com,CH,999,-50.0
167,user167@example.com,DE,999,-50.0
168,user168@example.com,XX,999,-50.0
169,user169@example.com,XX,51,-50.0
170,user170@example.com,AT,999,-50.0
171,user171@example.com,XX,999,-50.0
172,user172@example.com,CH,-1,-50.0
173,user173@example.com,DE,22,-50.0
174,user174@example.com,XX,50,1015.36
174,user175@example.com,CH,61,1960.52
176,user176@example.com,DE,-1,-50.0
177,user177@example.com,CH,78,744.44
178,user178@example.com,DE,73,711.53
179,user179@example.com,CH,-1,1380.83
179,user180@example.com,XX,21,-50.0
181,user181@example.com,DE,999,-50.0
182,user182@example.com,AT,999,-50.0
183,user183@example.com,XX,-1,70.49
184,user184@example.com,DE,999,-50.0
185,user185@example.com,DE,-1,-50.0
186,user186@example.com,AT,25,-50.0
187,user187@example.com,CH,999,-50.0
188,user188@example.com,CH,999,-50.0
189,user189@example.com,DE,999,1587.55
190,user190@example.com,AT,-1,-50.0
191,user191@example.com,CH,76,-50.0
192,user192@example.com,AT,999,1958.84
193,user193@example.com,XX,77,831.18
194,invalid_mail,CH,38,-50.0
195,user195@example.com,CH,76,-50.0
196,invalid_mail,DE,999,-50.0
197,user197@example.com,DE,-1,-50.0
198,user198@example.com,DE,24,765.67
199,user199@example.com,DE,-1,-50.0
200,user200@example.com,DE,65,-50.0
201,user201@example.com,XX,70,1697.9
202,user202@example.com,XX,999,-50.0
203,user203@example.com,DE,75,1042.04
204,user204@example.com,XX,999,979.33
205,user205@example.com,XX,76,361.0
206,invalid_mail,XX,22,-50.0
207,user207@example.com,CH,999,-50.0
208,user208@example.com,AT,999,-50.0
209,user209@example.com,AT,-1,-50.0
210,user210@example.com,AT,999,-50.0
211,user211@example.com,DE,-1,1144.49
212,user212@example.com,CH,-1,739.03
213,user213@example.com,XX,-1,-50.0
214,user214@example.com,DE,30,-50.0
214,user215@example.com,AT,77,1763.11
216,user216@example.com,AT,999,396.63
217,user217@example.com,DE,-1,1758.05
218,user218@example.com,XX,999,305.54
219,user219@example.com,DE,999,-50.0
220,user220@example.com,CH,36,694.42
221,invalid_mail,AT,999,721.13
222,user222@example.com,DE,999,1817.3
223,invalid_mail,AT,999,258.21
224,user224@example.com,XX,62,1149.04
225,user225@example.com,AT,52,-50.0
226,user226@example.com,CH,999,1856.43
227,user227@example.com,DE,-1,-50.0
228,user228@example.com,CH,999,-50.0
229,user229@example.com,CH,999,-50.0
230,user230@example.com,XX,34,90.16
231,user231@example.com,CH,999,1616.65
232,user232@example.com,DE,-1,-50.0
233,user233@example.com,CH,-1,149.57
234,invalid_mail,DE,999,-50.0
235,user235@example.com,AT,999,1371.48
236,user236@example.com,CH,69,978.29
237,user237@example.com,XX,20,439.11
238,user238@example.com,XX,30,-50.0
239,user239@example.com,AT,22,158.41
240,user240@example.com,XX,-1,1435.07
241,user241@example.com,XX,-1,-50.0
242,user242@example.com,DE,-1,1839.18
243,user243@example.com,DE,51,-50.0
244,invalid_mail,DE,-1,-50.0
245,user245@example.com,XX,999,1638.06
246,user246@example.com,AT,77,826.76
247,user247@example.com,CH,20,-50.0
248,user248@example.com,AT,40,1522.55
249,user249@example.com,XX,-1,-50.0
250,user250@example.com,XX,999,-50.0
251,user251@example.com,XX,999,516.76
252,user252@example.com,AT,999,-50.0
253,user253@example.com,AT,-1,-50.0
254,invalid_mail,XX,-1,-50.0
255,user255@example.com,DE,56,1697.69
256,user256@example.com,XX,26,-50.0
257,user257@example.com,CH,63,851.53
258,user258@example.com,XX,79,1595.98
259,user259@example.com,DE,999,-50.0
260,user260@example.com,XX,999,347.0
261,user261@example.com,AT,-1,871.55
262,user262@example.com,XX,-1,733.03
263,user263@example.com,DE,34,515.5
264,user264@example.com,DE,999,471.46
265,user265@example.com,XX,-1,261.67
266,user266@example.com,DE,30,-50.0
267,user267@example.com,DE,64,-50.0
268,user268@example.com,DE,-1,-50.0
269,user269@example.com,DE,999,402.24
270,user270@example.com,XX,999,1145.3
271,user271@example.com,CH,47,-50.0
272,user272@example.com,CH,999,1034.08
273,user273@example.com,XX,-1,1376.13
274,user274@example.com,DE,72,-50.0
275,user275@example.com,XX,-1,1936.11
276,user276@example.com,XX,999,-50.0
277,user277@example.com,AT,999,1760.21
278,user278@example.com,CH,55,-50.0
279,user279@example.com,DE,-1,310.85
280,user280@example.com,XX,25,-50.0
281,user281@example.com,CH,-1,-50.0
282,user282@example.com,XX,66,-50.0
283,user283@example.com,XX,999,1836.07
284,user284@example.com,CH,-1,1166.58
285,user285@example.com,CH,-1,-50.0
286,user286@example.com,CH,999,-50.0
287,user287@example.com,DE,77,-50.0
287,user288@example.com,CH,999,1779.64
289,user289@example.com,AT,999,540.05
290,user290@example.com,DE,-1,371.21
291,invalid_mail,XX,999,190.06
292,user292@example.com,CH,999,560.51
293,user293@example.com,DE,-1,-50.0
294,user294@example.com,DE,-1,-50.0
295,user295@example.com,DE,-1,-50.0
296,user296@example.com,AT,-1,-50.0
297,user297@example.com,CH,999,-50.0
298,user298@example.com,CH,999,1496.29
299,user299@example.com,XX,999,-50.0
300,user300@example.com,XX,999,1838.61
301,user301@example.com,CH,-1,1128.73
302,invalid_mail,CH,-1,1972.43
303,user303@example.com,DE,67,514.52
304,invalid_mail,XX,-1,-50.0
305,invalid_mail,AT,999,-50.0
306,user306@example.com,CH,-1,1766.69
307,user307@example.com,XX,73,-50.0
308,user308@example.com,DE,-1,-50.0
309,user309@example.com,AT,64,-50.0
310,user310@example.com,XX,52,-50.0
311,user311@example.com,XX,39,-50.0
312,user312@example.com,CH,-1,-50.0
313,user313@example.com,CH,999,-50.0
314,user314@example.com,AT,-1,-50.0
315,user315@example.com,XX,38,-50.0
316,user316@example.com,XX,-1,111.83
317,user317@example.com,CH,-1,1989.01
318,user318@example.com,AT,-1,-50.0
319,user319@example.com,DE,-1,-50.0
320,user320@example.com,CH,23,825.98
321,user321@example.com,CH,999,1514.81
322,user322@example.com,DE,-1,1995.48
323,user323@example.com,DE,-1,-50.0
324,user324@example.com,AT,48,1311.17
325,user325@example.com,CH,70,1146.79
326,user326@example.com,CH,61,-50.0
327,user327@example.com,AT,999,1076.18
328,user328@example.com,DE,-1,-50.0
329,user329@example.com,CH,999,370.3
330,user330@example.com,CH,45,830.09
331,user331@example.com,XX,999,851.09
332,user332@example.com,DE,-1,1787.08
333,user333@example.com,CH,999,-50.0
334,user334@example.com,AT,40,894.91
335,user335@example.com,DE,-1,1260.45
336,user336@example.com,XX,54,11.12
337,user337@example.com,CH,999,1062.98
338,user338@example.com,AT,999,-50.0
339,user339@example.com,AT,999,453.79
340,user340@example.com,CH,-1,589.17
341,user341@example.com,CH,-1,-50.0
342,user342@example.com,CH,-1,1832.32
343,user343@example.com,AT,999,548.75
344,user344@example.com,DE,-1,-50.0
345,user345@example.com,CH,999,204.07
346,user346@example.com,XX,-1,-50.0
347,user347@example.com,AT,-1,1241.76
348,user348@example.com,XX,999,1746.5
349,user349@example.com,XX,999,1285.38
350,user350@example.com,AT,-1,-50.0
351,user351@example.com,AT,68,-50.0
352,user352@example.com,AT,54,1371.22
353,user353@example.com,CH,62,1273.38
354,user354@example.com,DE,999,-50.0
355,user355@example.com,AT,999,-50.0
356,invalid_mail,XX,-1,-50.0
357,user357@example.com,XX,-1,-50.0
358,user358@example.com,CH,999,1481.83
359,user359@example.com,AT,35,1491.92
360,user360@example.com,AT,77,1326.0
361,user361@example.com,CH,-1,-50.0
362,user362@example.com,XX,-1,874.42
363,user363@example.com,DE,66,-50.0
364,user364@example.com,CH,999,-50.0
365,user365@example.com,CH,-1,-50.0
366,user366@example.com,XX,-1,1621.27
367,user367@example.com,XX,999,1871.76
368,user368@example.com,XX,999,143.97
369,user369@example.com,AT,999,-50.0
370,invalid_mail,DE,999,-50.0
371,user371@example.com,AT,-1,-50.0
372,user372@example.com,AT,34,-50.0
373,user373@example.com,DE,999,-50.0
374,user374@example.com,AT,30,-50.0
375,user375@example.com,CH,999,-50.0
376,user376@example.com,CH,999,-50.0
377,user377@example.com,CH,999,1556.59
378,user378@example.com,DE,999,-50.0
379,user379@example.com,CH,29,15.41
380,user380@example.com,CH,39,392.33
381,user381@example.com,XX,78,-50.0
382,user382@example.com,CH,999,-50.0
383,user383@example.com,AT,49,322.8
384,user384@example.com,XX,999,1097.84
385,user385@example.com,DE,-1,1456.32
386,user386@example.com,XX,999,1929.75
387,user387@example.com,XX,999,-50.0
388,user388@example.com,AT,-1,289.25
389,user389@example.com,DE,-1,334.59
390,user390@example.com,XX,-1,380.75
391,user391@example.com,AT,-1,-50.0
392,user392@example.com,DE,-1,1813.62
393,user393@example.com,XX,36,-50.0
394,user394@example.com,CH,58,-50.0
395,user395@example.com,CH,-1,-50.0
396,invalid_mail,AT,21,1486.15
397,user397@example.com,DE,-1,-50.0
398,user398@example.com,CH,999,-50.0
399,user399@example.com,AT,999,786.28
400,user400@example.com,CH,72,-50.0
401,user401@example.com,DE,999,1079.66
402,user402@example.com,XX,63,-50.0
403,user403@example.com,XX,-1,-50.0
404,user404@example.com,CH,999,659.87
405,user405@example.com,DE,999,94.78
406,user406@example.com,DE,999,-50.0
406,user407@example.com,XX,-1,1940.1
408,user408@example.com,AT,-1,-50.0
409,user409@example.com,XX,22,-50.0
409,user410@example.com,AT,77,-50.0
411,user411@example.com,AT,54,1448.86
411,user412@example.com,CH,79,-50.0
413,user413@example.com,AT,71,-50.0
414,user414@example.com,AT,39,1440.92
414,user415@example.com,DE,-1,1998.79
416,user416@example.com,DE,999,1650.4
416,user417@example.com,XX,-1,-50.0
417,invalid_mail,DE,999,-50.0
419,user419@example.com,CH,72,-50.0
420,user420@example.com,DE,-1,-50.0
421,user421@example.com,AT,35,-50.0
422,user422@example.com,DE,-1,-50.0
423,user423@example.com,XX,-1,-50.0
424,user424@example.com,DE,999,440.87
425,user425@example.com,XX,-1,918.15
426,invalid_mail,AT,29,420.46
427,user427@example.com,AT,-1,-50.0
428,user428@example.com,AT,-1,807.11
429,user429@example.com,DE,-1,1711.48
430,user430@example.com,DE,59,911.72
431,user431@example.com,DE,999,-50.0
432,invalid_mail,XX,34,-50.0
433,user433@example.com,DE,64,1085.08
434,user434@example.com,XX,40,479.2
435,user435@example.com,AT,-1,538.65
436,user436@example.com,XX,999,846.82
437,user437@example.com,XX,999,136.5
438,user438@example.com,CH,999,-50.0
439,user439@example.com,XX,999,-50.0
440,user440@example.com,CH,-1,-50.0
441,invalid_mail,AT,31,1957.11
442,user442@example.com,CH,999,1848.92
443,user443@example.com,CH,-1,1471.88
444,user444@example.com,XX,999,-50.0
445,user445@example.com,AT,999,1716.37
446,user446@example.com,CH,999,-50.0
447,user447@example.com,DE,21,136.51
448,user448@example.com,CH,-1,-50.0
449,user449@example.com,CH,999,-50.0
450,user450@example.com,XX,999,-50.0
451,user451@example.com,XX,-1,-50.0
452,user452@example.com,AT,38,-50.0
453,user453@example.com,AT,-1,1128.73
454,user454@example.com,DE,999,581.24
455,user455@example.com,AT,-1,343.73
456,user456@example.com,CH,61,-50.0
457,user457@example.com,AT,-1,114.08
457,user458@example.com,AT,75,-50.0
459,user459@example.com,AT,38,-50.0
460,user460@example.com,XX,-1,-50.0
461,user461@example.com,XX,999,393.56
462,user462@example.com,DE,999,-50.0
463,user463@example.com,DE,-1,-50.0
464,user464@example.com,XX,-1,-50.0
465,user465@example.com,XX,999,-50.0
466,user466@example.com,AT,999,1412.69
467,user467@example.com,CH,67,-50.0
468,user468@example.com,DE,-1,753.89
469,user469@example.com,AT,999,1630.43
470,user470@example.com,CH,-1,1109.46
471,user471@example.com,CH,999,-50.0
472,user472@example.com,CH,999,-50.0
473,invalid_mail,DE,-1,-50.0
474,user474@example.com,DE,-1,1206.61
475,user475@example.com,XX,999,1291.83
476,user476@example.com,CH,71,1166.97
477,invalid_mail,DE,999,-50.0
478,user478@example.com,XX,999,-50.0
479,user479@example.com,AT,-1,-50.0
480,user480@example.com,AT,-1,-50.0
481,user481@example.com,AT,19,1171.98
482,user482@example.com,CH,-1,-50.0
483,user483@example.com,XX,55,291.36
484,user484@example.com,AT,-1,-50.0
485,user485@example.com,DE,999,-50.0
486,user486@example.com,DE,999,-50.0
487,user487@example.com,AT,44,-50.0
488,user488@example.com,XX,-1,-50.0
489,user489@example.com,AT,-1,870.25
490,user490@example.com,CH,-1,741.07
491,user491@example.com,CH,999,-50.0
492,user492@example.com,DE,-1,-50.0
493,user493@example.com,DE,999,-50.0
494,user494@example.com,AT,999,-50.0
495,user495@example.com,CH,-1,-50.0
496,user496@example.com,XX,-1,-50.0
497,user497@example.com,CH,-1,1404.87
498,user498@example.com,CH,65,-50.0
499,user499@example.com,DE,-1,-50.0
500,user500@example.com,CH,-1,185.2
501,user501@example.com,XX,27,-50.0
502,user502@example.com,XX,999,1281.84
503,user503@example.com,AT,999,887.06
504,user504@example.com,CH,-1,-50.0
505,user505@example.com,DE,999,-50.0
506,user506@example.com,XX,999,1282.83
507,user507@example.com,XX,-1,-50.0
508,invalid_mail,CH,-1,-50.0
509,user509@example.com,AT,71,989.27
510,user510@example.com,DE,999,729.11
511,user511@example.com,DE,-1,640.79
512,user512@example.com,XX,25,-50.0
513,user513@example.com,AT,23,-50.0
514,user514@example.com,CH,-1,-50.0
515,user515@example.com,XX,-1,-50.0
516,user516@example.com,CH,-1,883.8
517,user517@example.com,DE,999,-50.0
518,invalid_mail,AT,27,-50.0
519,user519@example.com,CH,19,127.83
520,user520@example.com,XX,-1,1917.17
521,user521@example.com,DE,999,735.64
522,user522@example.com,CH,54,22.82
522,user523@example.com,CH,-1,-50.0
524,user524@example.com,CH,999,452.47
525,user525@example.com,XX,-1,-50.0
526,user526@example.com,AT,999,821.51
527,user527@example.com,CH,999,-50.0
528,user528@example.com,XX,42,703.04
529,user529@example.com,XX,-1,-50.0
530,user530@example.com,CH,23,-50.0
531,user531@example.com,XX,-1,934.89
532,invalid_mail,XX,-1,781.5
533,user533@example.com,CH,-1,-50.0
534,user534@example.com,DE,-1,-50.0
535,user535@example.com,CH,36,-50.0
536,user536@example.com,XX,-1,-50.0
537,user537@example.com,DE,999,1511.09
538,user538@example.com,CH,77,-50.0
539,user539@example.com,DE,63,535.29
540,user540@example.com,AT,-1,952.58
541,user541@example.com,XX,-1,-50.0
542,user542@example.com,DE,66,-50.0
543,user543@example.com,DE,999,887.7
544,user544@example.com,XX,999,1838.29
545,user545@example.com,CH,63,-50.0
546,user546@example.com,XX,65,576.79
547,user547@example.com,XX,-1,-50.0
548,user548@example.com,AT,44,652.7
549,user549@example.com,AT,999,-50.0
550,user550@example.com,DE,-1,1330.26
551,user551@example.com,DE,32,-50.0
552,user552@example.com,XX,72,-50.0
553,user553@example.com,XX,-1,-50.0
554,user554@example.com,AT,999,-50.0
555,user555@example.com,DE,67,1301.62
556,user556@example.com,DE,65,-50.0
557,user557@example.com,CH,-1,-50.0
558,user558@example.com,XX,35,-50.0
559,user559@example.com,AT,999,369.12
560,user560@example.com,XX,999,-50.0
561,user561@example.com,XX,999,844.06
562,user562@example.com,DE,25,-50.0
563,user563@example.com,XX,69,-50.0
564,user564@example.com,CH,66,-50.0
565,user565@example.com,XX,999,-50.0
566,user566@example.com,CH,-1,-50.0
567,user567@example.com,CH,68,-50.0
568,user568@example.com,AT,999,1133.03
569,user569@example.com,XX,20,897.53
570,user570@example.com,DE,-1,-50.0
571,user571@example.com,DE,-1,-50.0
572,user572@example.com,CH,-1,-50.0
573,user573@example.com,CH,-1,1883.61
574,user574@example.com,XX,999,-50.0
575,user575@example.com,DE,999,-50.0
576,user576@example.com,DE,68,909.08
577,user577@example.com,DE,999,681.85
578,invalid_mail,CH,999,-50.0
579,user579@example.com,AT,-1,1819.27
580,user580@example.com,XX,999,939.0
581,user581@example.com,AT,999,21.65
582,user582@example.com,AT,999,-50.0
583,user583@example.com,DE,75,512.43
584,user584@example.com,DE,999,1020.65
585,user585@example.com,DE,36,69.28
586,user586@example.com,AT,999,1646.87
587,user587@example.com,XX,61,1603.81
588,user588@example.com,DE,-1,853.29
589,user589@example.com,CH,52,-50.0
590,user590@example.com,CH,-1,1589.34
591,invalid_mail,CH,-1,780.41
592,user592@example.com,AT,56,1195.18
593,user593@example.com,AT,-1,-50.0
594,user594@example.com,AT,28,-50.0
595,user595@example.com,CH,-1,-50.0
596,user596@example.com,DE,999,1823.03
597,user597@example.com,XX,76,-50.0
598,user598@example.com,CH,-1,-50.0
599,user599@example.com,DE,999,-50.0
600,user600@example.com,XX,32,1070.36
601,user601@example.com,CH,999,176.42
602,user602@example.com,CH,-1,1395.15
603,invalid_mail,AT,-1,588.6
604,user604@example.com,XX,-1,784.33
605,user605@example.com,DE,-1,-50.0
606,user606@example.com,CH,64,-50.0
607,user607@example.com,XX,999,858.55
608,user608@example.com,CH,66,1115.82
609,user609@example.com,DE,999,1873.13
610,user610@example.com,DE,44,-50.0
611,invalid_mail,CH,80,828.05
612,user612@example.com,CH,-1,726.99
613,user613@example.com,DE,999,-50.0
614,user614@example.com,DE,999,-50.0
615,user615@example.com,CH,42,579.04
616,user616@example.com,DE,999,1127.52
617,user617@example.com,XX,53,-50.0
618,user618@example.com,AT,999,-50.0
619,user619@example.com,XX,39,-50.0
620,user620@example.com,DE,29,-50.0
621,user621@example.com,XX,-1,-50.0
622,user622@example.com,XX,-1,-50.0
623,user623@example.com,CH,21,-50.0
624,user624@example.com,CH,999,162.85
625,user625@example.com,DE,-1,-50.0
626,user626@example.com,CH,999,-50.0
627,user627@example.com,AT,999,1866.31
628,user628@example.com,AT,-1,949.37
629,user629@example.com,DE,59,1565.25
630,user630@example.com,DE,25,1204.8
631,invalid_mail,DE,-1,1702.49
632,user632@example.com,XX,999,-50.0
633,user633@example.com,AT,-1,-50.0
634,user634@example.com,AT,-1,-50.0
635,user635@example.com,CH,-1,1738.99
636,user636@example.com,DE,-1,-50.0
637,user637@example.com,DE,-1,401.0
638,user638@example.com,CH,999,-50.0
639,user639@example.com,XX,999,-50.0
640,user640@example.com,DE,51,-50.0
641,user641@example.com,CH,999,1503.92
642,user642@example.com,XX,71,1593.26
643,user643@example.com,AT,-1,-50.0
644,user644@example.com,AT,-1,-50.0
645,user645@example.com,CH,999,316.24
646,user646@example.com,DE,999,-50.0
647,user647@example.com,DE,38,-50.0
648,user648@example.com,XX,-1,407.09
649,user649@example.com,XX,-1,-50.0
650,user650@example.com,DE,63,1282.86
651,user651@example.com,CH,-1,-50.0
652,invalid_mail,XX,63,-50.0
653,user653@example.com,AT,999,-50.0
654,user654@example.com,XX,999,-50.0
655,user655@example.com,DE,-1,-50.0
656,user656@example.com,AT,60,-50.0
657,user657@example.com,DE,999,1821.44
658,user658@example.com,DE,-1,-50.0
659,invalid_mail,AT,-1,1111.88
660,user660@example.com,CH,49,736.03
661,user661@example.com,DE,999,1961.84
662,invalid_mail,AT,58,1208.28
663,user663@example.com,XX,-1,-50.0
664,user664@example.com,CH,-1,-50.0
665,user665@example.com,DE,999,-50.0
666,user666@example.com,DE,-1,820.57
667,user667@example.com,AT,20,895.64
668,user668@example.com,AT,28,-50.0
669,user669@example.com,AT,999,-50.0
669,user670@example.com,DE,999,-50.0
671,user671@example.com,AT,999,1594.06
672,user672@example.com,CH,999,464.43
673,user673@example.com,DE,-1,-50.0
674,user674@example.com,XX,999,1528.43
675,user675@example.com,CH,24,1484.02
676,user676@example.com,CH,-1,1940.25
677,user677@example.com,XX,999,1698.87
678,user678@example.com,AT,-1,-50.0
679,user679@example.com,CH,999,1659.49
680,user680@example.com,CH,65,-50.0
681,user681@example.com,CH,999,553.2
682,user682@example.com,XX,35,1280.49
683,user683@example.com,AT,43,1466.45
684,user684@example.com,AT,999,-50.0
685,invalid_mail,XX,999,-50.0
686,user686@example.com,AT,999,600.38
687,user687@example.com,DE,20,563.69
688,user688@example.com,CH,-1,1011.69
689,user689@example.com,CH,-1,-50.0
690,user690@example.com,DE,999,-50.0
691,user691@example.com,DE,-1,1893.85
692,user692@example.com,CH,-1,-50.0
693,user693@example.com,DE,-1,807.91
694,user694@example.com,CH,68,-50.0
695,user695@example.com,XX,39,-50.0
696,user696@example.com,CH,46,-50.0
697,user697@example.com,AT,-1,-50.0
698,user698@example.com,AT,-1,332.13
699,user699@example.com,XX,999,1340.28
700,user700@example.com,XX,54,-50.0
701,user701@example.com,DE,26,-50.0
702,user702@example.com,AT,-1,-50.0
703,user703@example.com,AT,999,1679.21
704,user704@example.com,CH,51,-50.0
705,user705@example.com,XX,19,-50.0
706,user706@example.com,XX,-1,-50.0
707,user707@example.com,DE,999,-50.0
708,user708@example.com,DE,999,-50.0
709,user709@example.com,DE,-1,1971.77
710,user710@example.com,AT,999,-50.0
711,user711@example.com,AT,999,1722.3
712,user712@example.com,XX,37,-50.0
713,user713@example.com,AT,57,-50.0
714,user714@example.com,AT,999,-50.0
715,user715@example.com,DE,36,-50.0
716,user716@example.com,XX,-1,-50.0
717,user717@example.com,XX,-1,-50.0
718,user718@example.com,DE,999,-50.0
719,user719@example.com,CH,999,971.34
720,user720@example.com,XX,999,-50.0
721,user721@example.com,XX,-1,872.64
722,user722@example.com,DE,69,81.72
723,invalid_mail,CH,999,-50.0
724,user724@example.com,CH,999,-50.0
725,user725@example.com,AT,40,-50.0
726,user726@example.com,CH,999,650.15
727,user727@example.com,AT,999,707.65
728,user728@example.com,DE,999,1839.39
729,user729@example.com,CH,999,-50.0
730,user730@example.com,AT,-1,1013.48
731,user731@example.com,AT,-1,-50.0
732,user732@example.com,CH,999,-50.0
733,user733@example.com,DE,999,-50.0
734,user734@example.com,AT,67,-50.0
735,user735@example.com,DE,-1,-50.0
736,user736@example.com,AT,-1,193.81
737,user737@example.com,CH,-1,-50.0
738,user738@example.com,XX,49,-50.0
739,user739@example.com,CH,48,-50.0
740,invalid_mail,CH,31,724.07
741,user741@example.com,CH,-1,-50.0
742,user742@example.com,AT,40,1679.4
743,user743@example.com,CH,999,219.41
744,user744@example.com,DE,62,-50.0
745,user745@example.com,AT,-1,-50.0
746,user746@example.com,XX,-1,-50.0
747,user747@example.com,CH,999,-50.0
748,user748@example.com,XX,42,1099.4
749,user749@example.com,AT,999,1835.77
750,user750@example.com,AT,999,509.36
751,user751@example.com,XX,21,517.11
752,user752@example.com,XX,75,1828.92
753,user753@example.com,DE,999,1981.17
754,user754@example.com,XX,-1,-50.0
755,user755@example.com,AT,999,934.73
756,user756@example.com,AT,18,338.85
757,user757@example.com,CH,21,1104.72
757,invalid_mail,CH,999,-50.0
759,user759@example.com,CH,25,-50.0
760,user760@example.com,AT,-1,213.92
761,user761@example.com,DE,999,-50.0
762,user762@example.com,CH,999,-50.0
763,user763@example.com,AT,-1,-50.0
764,user764@example.com,CH,999,486.09
765,user765@example.com,XX,999,1492.32
766,user766@example.com,CH,-1,1510.18
767,user767@example.com,AT,999,1595.14
768,user768@example.com,XX,999,-50.0
769,user769@example.com,AT,999,15.86
770,user770@example.com,AT,62,-50.0
771,user771@example.com,XX,999,901.25
772,user772@example.com,CH,-1,-50.0
773,user773@example.com,XX,61,-50.0
774,user774@example.com,AT,-1,1717.43
775,user775@example.com,DE,-1,-50.0
776,user776@example.com,DE,-1,125.58
777,user777@example.com,AT,-1,-50.0
778,user778@example.com,CH,999,-50.0
779,user779@example.com,XX,999,-50.0
780,user780@example.com,AT,60,-50.0
781,user781@example.com,AT,-1,-50.0
782,user782@example.com,CH,-1,1587.35
782,user783@example.com,DE,-1,-50.0
784,user784@example.com,AT,72,1817.88
785,user785@example.com,CH,18,1266.57
786,user786@example.com,XX,999,-50.0
787,user787@example.com,XX,-1,-50.0
788,user788@example.com,AT,79,-50.0
789,user789@example.com,DE,-1,-50.0
790,user790@example.com,CH,999,1272.56
791,invalid_mail,CH,-1,-50.0
792,user792@example.com,DE,999,527.43
793,user793@example.com,XX,999,-50.0
794,user794@example.com,XX,-1,-50.0
795,user795@example.com,AT,39,628.08
796,user796@example.com,XX,999,-50.0
797,user797@example.com,DE,36,1179.52
798,user798@example.com,DE,-1,-50.0
799,user799@example.com,AT,-1,1514.59
800,user800@example.com,AT,52,1338.51
801,user801@example.com,DE,-1,1554.89
802,user802@example.com,XX,999,776.49
803,user803@example.com,CH,-1,474.3
804,user804@example.com,AT,-1,-50.0
805,user805@example.com,AT,999,1340.81
806,user806@example.com,XX,999,-50.0
807,user807@example.com,XX,56,1284.37
808,user808@example.com,CH,999,-50.0
809,user809@example.com,XX,65,-50.0
810,user810@example.com,DE,-1,-50.0
811,user811@example.com,DE,-1,-50.0
812,user812@example.com,DE,51,-50.0
813,user813@example.com,AT,999,-50.0
814,user814@example.com,AT,-1,75.39
815,user815@example.com,DE,29,1567.18
816,user816@example.com,CH,999,1741.81
817,user817@example.com,XX,-1,-50.0
818,user818@example.com,AT,-1,-50.0
819,user819@example.com,CH,999,-50.0
820,user820@example.com,DE,999,844.42
821,user821@example.com,AT,38,1353.64
822,user822@example.com,DE,58,-50.0
823,user823@example.com,AT,999,709.74
824,user824@example.com,CH,999,-50.0
825,user825@example.com,DE,999,124.24
826,user826@example.com,DE,-1,1249.23
827,user827@example.com,XX,50,527.47
828,user828@example.com,AT,999,-50.0
829,invalid_mail,AT,999,1015.59
830,user830@example.com,DE,-1,-50.0
831,user831@example.com,XX,999,-50.0
832,user832@example.com,CH,-1,1416.73
833,user833@example.com,CH,75,1088.78
834,user834@example.com,XX,80,1258.79
835,user835@example.com,DE,54,-50.0
836,user836@example.com,DE,999,446.33
837,user837@example.com,CH,34,1797.48
838,user838@example.com,AT,48,-50.0
839,user839@example.com,XX,48,547.06
840,user840@example.com,AT,-1,1079.08
841,user841@example.com,XX,-1,448.8
842,user842@example.com,XX,57,-50.0
843,user843@example.com,AT,999,1261.18
844,user844@example.com,DE,-1,-50.0
845,user845@example.com,AT,-1,532.04
846,user846@example.com,DE,999,-50.0
847,user847@example.com,DE,-1,1719.56
848,user848@example.com,AT,-1,-50.0
849,user849@example.com,AT,-1,-50.0
850,user850@example.com,DE,999,1999.22
851,user851@example.com,CH,999,-50.0
852,user852@example.com,AT,-1,-50.0
853,user853@example.com,CH,999,-50.0
854,user854@example.com,DE,-1,-50.0
855,user855@example.com,AT,-1,1448.3
856,user856@example.com,DE,29,-50.0
857,user857@example.com,XX,-1,742.09
858,user858@example.com,CH,999,1066.65
859,user859@example.com,XX,66,-50.0
860,user860@example.com,XX,999,-50.0
861,user861@example.com,CH,-1,-50.0
862,user862@example.com,AT,-1,-50.0
863,user863@example.com,XX,19,-50.0
864,user864@example.com,AT,56,-50.0
865,invalid_mail,CH,999,-50.0
866,user866@example.com,XX,45,1443.42
867,user867@example.com,AT,60,371.71
868,user868@example.com,AT,-1,-50.0
869,user869@example.com,XX,999,-50.0
870,user870@example.com,DE,-1,131.72
871,user871@example.com,CH,-1,1549.69
872,user872@example.com,XX,-1,-50.0
873,user873@example.com,CH,44,151.15
874,user874@example.com,DE,999,-50.0
875,user875@example.com,AT,65,951.92
876,user876@example.com,CH,-1,138.84
877,user877@example.com,AT,-1,-50.0
878,user878@example.com,XX,53,1821.53
879,user879@example.com,XX,999,-50.0
880,user880@example.com,DE,71,-50.0
881,user881@example.com,AT,-1,1618.85
882,user882@example.com,AT,32,-50.0
883,user883@example.com,XX,-1,-50.0
884,user884@example.com,AT,53,-50.0
885,user885@example.com,DE,999,-50.0
886,user886@example.com,AT,28,-50.0
887,user887@example.com,AT,72,-50.0
888,user888@example.com,AT,-1,-50.0
889,user889@example.com,AT,999,-50.0
890,user890@example.com,XX,999,-50.0
891,user891@example.com,DE,25,-50.0
892,user892@example.com,XX,999,249.72
893,invalid_mail,XX,52,-50.0
894,user894@example.com,AT,22,-50.0
895,user895@example.com,CH,999,-50.0
896,user896@example.com,CH,-1,1334.61
897,user897@example.com,DE,29,1008.92
898,user898@example.com,CH,999,-50.0
899,user899@example.com,XX,-1,39.7
900,user900@example.com,XX,999,551.78
901,user901@example.com,AT,21,-50.0
902,user902@example.com,XX,999,-50.0
903,user903@example.com,DE,999,-50.0
904,user904@example.com,XX,63,174.64
905,user905@example.com,DE,80,-50.0
906,user906@example.com,DE,999,-50.0
907,user907@example.com,AT,26,-50.0
908,user908@example.com,DE,999,-50.0
909,user909@example.com,XX,29,-50.0
910,user910@example.com,AT,999,-50.0
911,user911@example.com,DE,999,1997.13
912,user912@example.com,AT,-1,537.65
913,user913@example.com,DE,49,1567.64
914,user914@example.com,DE,74,1042.62
915,user915@example.com,XX,41,1842.26
916,user916@example.com,CH,-1,-50.0
917,user917@example.com,DE,45,-50.0
918,user918@example.com,AT,999,97.23
919,user919@example.com,AT,-1,-50.0
920,user920@example.com,CH,-1,932.89
921,user921@example.com,AT,43,-50.0
922,user922@example.com,AT,28,-50.0
923,user923@example.com,XX,999,837.74
924,user924@example.com,AT,74,-50.0
925,user925@example.com,CH,-1,-50.0
926,user926@example.com,AT,22,-50.0
927,user927@example.com,XX,999,1390.64
928,user928@example.com,CH,31,-50.0
929,user929@example.com,AT,999,1624.34
930,user930@example.com,CH,30,-50.0
931,user931@example.com,XX,-1,750.52
932,user932@example.com,AT,18,-50.0
933,user933@example.com,AT,999,299.48
934,user934@example.com,DE,31,1240.81
935,user935@example.com,DE,47,-50.0
936,user936@example.com,XX,44,-50.0
937,user937@example.com,XX,19,-50.0
938,user938@example.com,CH,999,-50.0
939,user939@example.com,CH,-1,134.26
940,user940@example.com,CH,-1,-50.0
941,user941@example.com,DE,55,1514.88
942,user942@example.com,AT,999,427.76
943,user943@example.com,XX,68,591.22
943,user944@example.com,XX,63,-50.0
945,user945@example.com,DE,60,-50.0
946,user946@example.com,XX,999,699.15
947,user947@example.com,CH,-1,310.29
948,user948@example.com,AT,999,328.9
949,user949@example.com,AT,-1,-50.0
950,user950@example.com,CH,38,766.78
951,user951@example.com,DE,71,65.42
952,user952@example.com,AT,999,-50.0
953,user953@example.com,AT,-1,1479.8
954,user954@example.com,AT,999,-50.0
955,user955@example.com,DE,999,-50.0
956,user956@example.com,CH,-1,-50.0
957,user957@example.com,CH,-1,-50.0
958,invalid_mail,XX,999,-50.0
959,user959@example.com,XX,34,-50.0
960,user960@example.com,CH,40,1131.83
961,user961@example.com,XX,-1,754.88
962,user962@example.com,XX,999,-50.0
963,user963@example.com,XX,20,426.36
964,user964@example.com,CH,23,-50.0
965,user965@example.com,AT,77,-50.0
966,user966@example.com,XX,71,394.27
967,user967@example.com,CH,999,1223.04
968,user968@example.com,DE,999,1944.3
969,user969@example.com,XX,999,-50.0
970,user970@example.com,XX,64,-50.0
971,user971@example.com,CH,999,802.25
972,user972@example.com,XX,-1,-50.0
973,user973@example.com,DE,-1,49.2
974,user974@example.com,CH,51,1701.93
975,user975@example.com,AT,-1,930.83
976,user976@example.com,CH,67,360.27
977,user977@example.com,DE,-1,1702.33
977,user978@example.com,AT,50,-50.0
979,user979@example.com,DE,-1,-50.0
980,user980@example.com,XX,-1,-50.0
981,user981@example.com,XX,27,-50.0
982,user982@example.com,AT,-1,-50.0
983,user983@example.com,AT,999,-50.0
984,user984@example.com,CH,-1,205.92
985,user985@example.com,XX,79,-50.0
986,user986@example.com,CH,999,823.82
987,user987@example.com,DE,-1,-50.0
988,user988@example.com,XX,999,-50.0
989,user989@example.com,AT,999,1802.62
990,user990@example.com,DE,999,-50.0
991,user991@example.com,CH,999,-50.0
992,user992@example.com,XX,-1,-50.0
993,user993@example.com,XX,-1,1125.78
994,invalid_mail,XX,-1,-50.0
995,user995@example.com,XX,31,836.55
996,user996@example.com,DE,54,-50.0
997,user997@example.com,AT,-1,135.53
998,user998@example.com,DE,61,1848.82
999,user999@example.com,XX,63,-50.0
1000,user1000@example.com,AT,999,773.49
1001,user1001@example.com,AT,999,-50.0
1002,user1002@example.com,AT,999,-50.0
1003,user1003@example.com,CH,-1,-50.0
1004,user1004@example.com,CH,999,-50.0
1005,user1005@example.com,XX,999,808.44
1006,user1006@example.com,XX,-1,1972.08
1007,user1007@example.com,AT,999,-50.0
1008,user1008@example.com,XX,57,1003.18
1009,user1009@example.com,CH,999,983.91
1010,user1010@example.com,AT,-1,-50.0
1011,user1011@example.com,DE,999,612.12
1012,user1012@example.com,XX,60,1703.01
1013,user1013@example.com,CH,999,-50.0
1013,user1014@example.com,AT,56,-50.0
1015,user1015@example.com,CH,40,1132.63
1016,user1016@example.com,AT,999,-50.0
1017,user1017@example.com,DE,-1,48.43
1018,user1018@example.com,AT,999,-50.0
1019,user1019@example.com,AT,63,1042.32
1020,user1020@example.com,CH,40,-50.0
1021,user1021@example.com,DE,60,-50.0
1022,user1022@example.com,AT,999,-50.0
1023,user1023@example.com,AT,-1,979.13
1024,invalid_mail,CH,34,-50.0
1025,user1025@example.com,CH,-1,1739.2
1026,user1026@example.com,XX,44,-50.0
1027,user1027@example.com,AT,999,1276.1
1028,invalid_mail,XX,-1,1897.25
1029,user1029@example.com,DE,-1,-50.0
1030,user1030@example.com,DE,-1,-50.0
1031,user1031@example.com,XX,72,1437.32
1032,user1032@example.com,CH,999,-50.0
1033,user1033@example.com,AT,21,-50.0
1034,user1034@example.com,CH,999,-50.0
1035,user1035@example.com,XX,999,-50.0
1036,user1036@example.com,AT,999,618.73
1037,user1037@example.com,AT,-1,455.07
1038,user1038@example.com,DE,-1,803.15
1039,user1039@example.com,AT,-1,1442.51
1040,user1040@example.com,XX,54,-50.0
1041,user1041@example.com,DE,56,1626.91
1042,invalid_mail,DE,999,-50.0
1043,user1043@example.com,XX,-1,-50.0
1044,user1044@example.com,CH,-1,-50.0
1045,user1045@example.com,XX,999,937.11
1046,user1046@example.com,AT,37,-50.0
1047,user1047@example.com,CH,39,168.37
1048,user1048@example.com,XX,43,733.09
1049,user1049@example.com,AT,-1,1718.69
1050,user1050@example.com,XX,999,1223.37
1051,user1051@example.com,DE,27,-50.0
1052,user1052@example.com,XX,999,-50.0
1053,user1053@example.com,XX,25,-50.0
1054,invalid_mail,AT,-1,778.66
1055,user1055@example.com,AT,999,-50.0
1056,user1056@example.com,XX,32,-50.0
1057,user1057@example.com,XX,999,580.46
1058,user1058@example.com,DE,43,505.8
1059,user1059@example.com,CH,999,1706.53
1059,user1060@example.com,CH,999,766.95
1061,user1061@example.com,XX,999,-50.0
1062,user1062@example.com,AT,24,1865.92
1063,user1063@example.com,XX,999,73.29
1064,user1064@example.com,AT,58,-50.0
1065,user1065@example.com,DE,999,-50.0
1066,user1066@example.com,CH,999,71.93
1067,user1067@example.com,DE,999,-50.0
1068,invalid_mail,XX,22,-50.0
1069,user1069@example.com,CH,999,-50.0
1070,user1070@example.com,AT,-1,-50.0
1071,user1071@example.com,DE,-1,1705.83
1072,user1072@example.com,XX,44,1902.93
1073,user1073@example.com,CH,999,-50.0
1074,user1074@example.com,CH,-1,-50.0
1075,user1075@example.com,XX,-1,1014.71
1076,invalid_mail,XX,29,-50.0
1077,user1077@example.com,XX,-1,486.55
1078,user1078@example.com,AT,999,1886.98
1079,user1079@example.com,AT,66,-50.0
1080,user1080@example.com,CH,28,-50.0
1081,user1081@example.com,XX,-1,1329.54
1082,user1082@example.com,CH,42,-50.0
1083,user1083@example.com,CH,39,714.04
1084,user1084@example.com,DE,999,-50.0
1085,invalid_mail,XX,41,-50.0
1086,user1086@example.com,DE,-1,-50.0
1087,user1087@example.com,XX,55,1360.14
1088,user1088@example.com,AT,-1,-50.0
1089,user1089@example.com,DE,999,781.74
1090,user1090@example.com,CH,-1,-50.0
1091,user1091@example.com,CH,32,80.81
1092,invalid_mail,XX,-1,306.23
1093,user1093@example.com,DE,-1,-50.0
1094,user1094@example.com,AT,26,-50.0
1095,user1095@example.com,DE,-1,683.58
1096,user1096@example.com,DE,999,589.25
1097,user1097@example.com,AT,50,1877.94
1098,user1098@example.com,AT,-1,-50.0
1099,invalid_mail,DE,75,905.68
1100,user1100@example.com,AT,21,-50.0
1101,user1101@example.com,XX,999,-50.0
1102,user1102@example.com,AT,67,-50.0
1103,user1103@example.com,XX,999,-50.0
1104,user1104@example.com,CH,48,1041.27
1105,user1105@example.com,DE,71,1742.02
1106,user1106@example.com,CH,-1,-50.0
1107,invalid_mail,AT,26,56.62
1108,user1108@example.com,DE,999,-50.0
1109,user1109@example.com,CH,18,-50.0
1110,user1110@example.com,AT,-1,-50.0
1111,user1111@example.com,XX,-1,-50.0
1112,user1112@example.com,DE,45,741.41
1113,user1113@example.com,DE,-1,513.99
1114,user1114@example.com,CH,-1,-50.0
1115,user1115@example.com,XX,999,-50.0
1116,user1116@example.com,AT,-1,1755.08
1117,user1117@example.com,CH,999,1631.83
1118,user1118@example.com,DE,60,-50.0
1119,user1119@example.com,XX,999,-50.0
1120,user1120@example.com,CH,41,-50.0
1120,user1121@example.com,AT,42,-50.0
1122,user1122@example.com,CH,-1,-50.0
1123,user1123@example.com,CH,-1,837.06
1124,user1124@example.com,AT,-1,1062.42
1125,user1125@example.com,CH,45,-50.0
1126,user1126@example.com,DE,-1,1916.07
1127,user1127@example.com,XX,72,-50.0
1128,user1128@example.com,CH,52,1990.14
1129,user1129@example.com,DE,-1,-50.0
1130,user1130@example.com,XX,-1,699.01
1131,user1131@example.com,XX,-1,-50.0
1132,user1132@example.com,CH,29,-50.0
1133,user1133@example.com,AT,53,-50.0
1134,user1134@example.com,DE,-1,1319.1
1135,user1135@example.com,CH,-1,-50.0
1136,user1136@example.com,XX,-1,-50.0
1137,user1137@example.com,AT,-1,-50.0
1138,user1138@example.com,CH,999,1012.25
1139,user1139@example.com,AT,24,-50.0
1140,user1140@example.com,DE,999,-50.0
1141,user1141@example.com,DE,-1,438.42
1142,invalid_mail,DE,999,-50.0
1143,user1143@example.com,CH,-1,211.74
1144,user1144@example.com,DE,999,-50.0
1145,user1145@example.com,AT,66,657.71
1146,invalid_mail,DE,74,-50.0
1147,user1147@example.com,CH,999,938.11
1148,user1148@example.com,XX,33,-50.0
1149,user1149@example.com,CH,28,1095.04
1150,user1150@example.com,DE,-1,551.32
1151,user1151@example.com,XX,58,641.48
1152,user1152@example.com,DE,999,154.35
1153,user1153@example.com,CH,64,784.08
1154,user1154@example.com,XX,30,825.05
1155,user1155@example.com,CH,-1,-50.0
1156,user1156@example.com,AT,-1,-50.0
1157,user1157@example.com,XX,999,-50.0
1158,user1158@example.com,XX,-1,-50.0
1158,user1159@example.com,DE,72,1934.61
1160,user1160@example.com,AT,-1,470.01
1161,user1161@example.com,CH,-1,-50.0
1162,user1162@example.com,DE,-1,1868.11
1163,user1163@example.com,XX,-1,-50.0
1164,user1164@example.com,AT,999,-50.0
1165,user1165@example.com,AT,72,1691.24
1166,user1166@example.com,DE,64,1904.56
1167,invalid_mail,CH,-1,821.73
1168,user1168@example.com,XX,23,381.52
1169,user1169@example.com,AT,-1,-50.0
1170,user1170@example.com,AT,-1,576.21
1171,user1171@example.com,AT,-1,-50.0
1172,user1172@example.com,DE,999,757.43
1173,user1173@example.com,XX,999,1187.35
1174,user1174@example.com,AT,-1,-50.0
1175,user1175@example.com,DE,-1,-50.0
1176,user1176@example.com,CH,-1,1665.38
1177,user1177@example.com,AT,60,819.26
1178,user1178@example.com,AT,18,200.54
1179,user1179@example.com,CH,-1,1141.29
1180,user1180@example.com,XX,999,-50.0
1181,user1181@example.com,AT,999,132.51
1182,user1182@example.com,AT,21,446.15
1183,user1183@example.com,AT,999,1254.9
1184,user1184@example.com,AT,-1,-50.0
1185,invalid_mail,DE,30,-50.0
1186,user1186@example.com,XX,74,1921.91
1187,user1187@example.com,DE,-1,-50.0
1188,user1188@example.com,AT,-1,1389.1
1189,user1189@example.com,CH,80,-50.0
1190,user1190@example.com,CH,-1,1158.14
1191,user1191@example.com,XX,999,131.64
1192,user1192@example.com,AT,68,895.23
1193,user1193@example.com,AT,-1,1926.02
1194,user1194@example.com,AT,67,-50.0
1195,user1195@example.com,AT,-1,571.57
1196,user1196@example.com,CH,38,1709.37
1197,user1197@example.com,AT,-1,-50.0
1198,user1198@example.com,CH,999,1326.49
1199,user1199@example.com,CH,80,-50.0
1200,user1200@example.com,AT,-1,182.7
1201,user1201@example.com,CH,-1,-50.0
1202,user1202@example.com,CH,63,-50.0
1203,user1203@example.com,CH,32,1829.72
1204,user1204@example.com,DE,999,-50.0
1205,user1205@example.com,AT,999,-50.0
1206,user1206@example.com,CH,-1,-50.0
1207,user1207@example.com,DE,-1,-50.0
1208,user1208@example.com,CH,-1,331.83
1209,user1209@example.com,AT,24,957.83
1210,user1210@example.com,CH,35,-50.0
1211,user1211@example.com,AT,45,419.83
1212,user1212@example.com,XX,46,1857.44
1213,invalid_mail,CH,46,1007.75
1214,user1214@example.com,CH,999,1818.7
1215,user1215@example.com,XX,-1,-50.0
1216,user1216@example.com,XX,18,1858.86
1217,user1217@example.com,AT,-1,1862.8
1218,user1218@example.com,DE,-1,-50.0
1219,user1219@example.com,CH,-1,-50.0
1220,user1220@example.com,CH,59,-50.0
1221,user1221@example.com,XX,-1,488.23
1222,user1222@example.com,CH,999,-50.0
1223,user1223@example.com,XX,23,463.27
1224,user1224@example.com,DE,999,1464.29
1225,user1225@example.com,AT,999,1410.84
1226,user1226@example.com,AT,-1,1328.02
1227,user1227@example.com,DE,-1,-50.0
1228,user1228@example.com,AT,999,1802.6
1229,user1229@example.com,CH,999,1933.68
1230,user1230@example.com,DE,18,158.25
1231,user1231@example.com,AT,63,-50.0
1232,user1232@example.com,CH,-1,1635.52
1233,user1233@example.com,AT,999,428.45
1234,user1234@example.com,XX,-1,-50.0
1235,invalid_mail,XX,-1,1839.95
1236,user1236@example.com,XX,25,403.92
1237,user1237@example.com,AT,46,-50.0
1238,user1238@example.com,XX,999,-50.0
1239,user1239@example.com,XX,48,1055.33
1240,user1240@example.com,AT,999,767.28
1241,user1241@example.com,XX,58,-50.0
1242,user1242@example.com,DE,999,-50.0
1243,user1243@example.com,XX,40,-50.0
1244,user1244@example.com,AT,63,438.16
1245,user1245@example.com,CH,999,-50.0
1246,user1246@example.com,DE,34,-50.0
1247,user1247@example.com,DE,37,-50.0
1248,user1248@example.com,CH,999,-50.0
1249,user1249@example.com,AT,48,781.34
1250,invalid_mail,AT,999,-50.0
1251,user1251@example.com,CH,-1,-50.0
1252,user1252@example.com,CH,72,-50.0
1253,user1253@example.com,DE,-1,-50.0
1254,user1254@example.com,AT,74,-50.0
1255,user1255@example.com,AT,999,463.24
1256,invalid_mail,DE,-1,-50.0
1257,user1257@example.com,CH,45,-50.0
1258,user1258@example.com,DE,-1,388.01
1259,user1259@example.com,XX,999,1191.59
1260,user1260@example.com,DE,67,-50.0
1261,user1261@example.com,AT,-1,581.73
1262,user1262@example.com,DE,-1,1590.23
1263,user1263@example.com,XX,999,-50.0
1264,user1264@example.com,CH,-1,415.0
1265,user1265@example.com,AT,-1,1302.69
1266,user1266@example.com,DE,999,1102.05
1267,user1267@example.com,CH,-1,1571.64
1268,user1268@example.com,AT,-1,496.97
1269,user1269@example.com,AT,-1,-50.0
1270,user1270@example.com,CH,61,1635.27
1271,user1271@example.com,DE,999,1044.21
1272,user1272@example.com,CH,40,-50.0
1273,invalid_mail,XX,-1,801.19
1274,user1274@example.com,DE,21,745.57
1275,user1275@example.com,AT,55,365.78
1276,user1276@example.com,DE,19,200.27
1277,user1277@example.com,DE,40,-50.0
1278,user1278@example.com,AT,-1,1754.54
1279,user1279@example.com,AT,999,-50.0
1280,user1280@example.com,XX,999,-50.0
1281,invalid_mail,CH,-1,-50.0
1282,user1282@example.com,CH,999,183.98
1283,invalid_mail,AT,36,1424.07
1284,user1284@example.com,CH,-1,-50.0
1285,user1285@example.com,CH,999,-50.0
1286,user1286@example.com,AT,999,-50.0
1287,user1287@example.com,XX,999,756.93
1288,user1288@example.com,XX,999,-50.0
1289,user1289@example.com,DE,61,-50.0
1290,user1290@example.com,AT,73,-50.0
1291,user1291@example.com,AT,39,585.3
1292,invalid_mail,CH,-1,-50.0
1293,user1293@example.com,DE,-1,422.77
1294,user1294@example.com,XX,-1,636.34
1295,user1295@example.com,CH,999,1766.27
1296,user1296@example.com,XX,999,-50.0
1297,user1297@example.com,CH,-1,1872.88
1298,user1298@example.com,XX,18,827.58
1299,user1299@example.com,XX,-1,-50.0
1300,invalid_mail,CH,-1,-50.0
1301,user1301@example.com,CH,-1,1248.16
1302,user1302@example.com,XX,78,234.22
1303,user1303@example.com,CH,999,-50.0
1304,user1304@example.com,CH,58,-50.0
1305,user1305@example.com,AT,-1,-50.0
1306,user1306@example.com,DE,999,-50.0
1307,user1307@example.com,AT,999,-50.0
1308,user1308@example.com,XX,39,-50.0
1309,user1309@example.com,DE,-1,232.1
1310,user1310@example.com,DE,18,-50.0
1311,user1311@example.com,DE,-1,43.47
1312,user1312@example.com,AT,999,-50.0
1313,user1313@example.com,AT,-1,-50.0
1314,user1314@example.com,XX,50,-50.0
1315,user1315@example.com,XX,41,-50.0
1316,user1316@example.com,AT,-1,-50.0
1317,user1317@example.com,AT,80,81.42
1317,invalid_mail,AT,61,898.34
1319,user1319@example.com,CH,-1,-50.0
1320,invalid_mail,AT,-1,123.91
1321,user1321@example.com,AT,46,1600.05
1322,user1322@example.com,AT,-1,1856.18
1323,user1323@example.com,XX,999,903.68
1324,user1324@example.com,CH,-1,-50.0
1325,invalid_mail,XX,61,617.93
1326,user1326@example.com,AT,-1,1440.99
1327,user1327@example.com,XX,999,315.92
1328,user1328@example.com,DE,-1,-50.0
1329,user1329@example.com,AT,999,493.17
1330,user1330@example.com,DE,32,-50.0
1331,user1331@example.com,XX,63,1813.08
1332,user1332@example.com,AT,-1,-50.0
1333,user1333@example.com,CH,999,-50.0
1334,user1334@example.com,DE,26,16.92
1335,user1335@example.com,AT,999,227.36
1336,invalid_mail,AT,-1,-50.0
1337,user1337@example.com,XX,64,867.84
1338,user1338@example.com,CH,59,-50.0
1339,user1339@example.com,AT,57,-50.0
1340,user1340@example.com,CH,64,861.41
1341,invalid_mail,CH,999,1394.62
1342,user1342@example.com,DE,-1,-50.0
1343,user1343@example.com,CH,-1,-50.0
1344,user1344@example.com,DE,-1,-50.0
1345,user1345@example.com,CH,999,1069.79
1346,user1346@example.com,CH,-1,-50.0
1347,user1347@example.com,XX,999,850.66
1348,user1348@example.com,XX,-1,-50.0
1349,user1349@example.com,XX,60,-50.0
1350,user1350@example.com,XX,31,-50.0
1351,user1351@example.com,XX,-1,-50.0
1352,user1352@example.com,DE,43,952.71
1353,user1353@example.com,XX,999,-50.0
1354,user1354@example.com,DE,999,-50.0
1355,invalid_mail,DE,-1,882.77
1356,user1356@example.com,AT,999,-50.0
1357,user1357@example.com,AT,-1,-50.0
1358,user1358@example.com,XX,999,1205.68
1359,user1359@example.com,CH,-1,1564.71
1360,user1360@example.com,XX,70,-50.0
1361,user1361@example.com,AT,-1,1911.8
1362,user1362@example.com,DE,-1,265.63
1363,user1363@example.com,AT,48,-50.0
1364,user1364@example.com,XX,999,-50.0
1365,user1365@example.com,XX,-1,1302.0
1366,user1366@example.com,XX,61,332.23
1367,user1367@example.com,DE,999,231.35
1368,user1368@example.com,DE,999,-50.0
1369,user1369@example.com,XX,999,1646.65
1370,user1370@example.com,XX,-1,-50.0
1371,user1371@example.com,CH,33,-50.0
1372,user1372@example.com,XX,63,-50.0
1373,user1373@example.com,XX,42,739.21
1374,user1374@example.com,AT,26,-50.0
1375,user1375@example.com,AT,-1,-50.0
1376,user1376@example.com,CH,999,-50.0
1377,user1377@example.com,CH,-1,-50.0
1378,user1378@example.com,XX,999,-50.0
1379,user1379@example.com,AT,999,795.97
1380,user1380@example.com,AT,-1,-50.0
1381,user1381@example.com,DE,-1,-50.0
1382,user1382@example.com,CH,75,-50.0
1383,user1383@example.com,DE,69,-50.0
1384,user1384@example.com,DE,999,1835.02
1385,user1385@example.com,CH,-1,1143.66
1386,user1386@example.com,AT,999,-50.0
1387,user1387@example.com,XX,999,-50.0
1388,user1388@example.com,CH,-1,-50.0
1389,user1389@example.com,XX,999,-50.0
1390,user1390@example.com,CH,60,-50.0
1391,user1391@example.com,AT,-1,-50.0
1392,user1392@example.com,CH,-1,-50.0
1393,user1393@example.com,XX,25,1054.21
1394,user1394@example.com,CH,33,-50.0
1395,user1395@example.com,DE,73,880.58
1396,user1396@example.com,XX,-1,196.34
1397,user1397@example.com,AT,999,-50.0
1398,user1398@example.com,AT,999,1358.38
1399,user1399@example.com,CH,-1,1769.96
1400,user1400@example.com,AT,41,-50.0
1401,user1401@example.com,CH,-1,-50.0
1402,user1402@example.com,XX,56,1756.86
1403,user1403@example.com,DE,999,-50.0
1404,user1404@example.com,CH,-1,1622.17
1405,user1405@example.com,XX,999,-50.0
1406,user1406@example.com,XX,26,-50.0
1407,user1407@example.com,XX,29,-50.0
1407,user1408@example.com,AT,-1,1390.91
1409,user1409@example.com,XX,-1,-50.0
1410,user1410@example.com,CH,-1,1939.58
1411,user1411@example.com,AT,-1,574.33
1412,invalid_mail,DE,999,281.51
1413,user1413@example.com,AT,999,-50.0
1414,user1414@example.com,CH,999,-50.0
1415,user1415@example.com,DE,999,-50.0
1416,user1416@example.com,XX,75,1112.21
1417,user1417@example.com,AT,40,1869.83
1418,user1418@example.com,AT,-1,237.56
1419,user1419@example.com,XX,-1,1907.2
1420,user1420@example.com,CH,-1,-50.0
1421,user1421@example.com,XX,-1,378.67
1422,user1422@example.com,CH,26,1333.16
1423,user1423@example.com,XX,999,-50.0
1424,invalid_mail,XX,999,-50.0
1425,user1425@example.com,AT,34,-50.0
1426,user1426@example.com,DE,-1,1548.71
1426,user1427@example.com,CH,45,-50.0
1428,user1428@example.com,CH,-1,604.22
1429,user1429@example.com,DE,-1,1474.43
1430,user1430@example.com,DE,999,-50.0
1431,user1431@example.com,DE,38,-50.0
1432,user1432@example.com,DE,-1,508.25
1433,user1433@example.com,DE,999,-50.0
1434,user1434@example.com,CH,30,-50.0
1435,user1435@example.com,AT,-1,364.21
1436,user1436@example.com,DE,27,130.55
1437,user1437@example.com,XX,74,-50.0
1438,user1438@example.com,CH,-1,854.88
1439,user1439@example.com,CH,59,416.87
1440,user1440@example.com,AT,51,1660.8
1441,user1441@example.com,XX,63,107.48
1442,user1442@example.com,AT,55,-50.0
1443,user1443@example.com,CH,32,-50.0
1444,user1444@example.com,DE,999,1339.49
1445,user1445@example.com,AT,19,-50.0
1446,user1446@example.com,AT,999,-50.0
1447,user1447@example.com,AT,-1,1207.82
1448,invalid_mail,AT,-1,-50.0
1449,user1449@example.com,CH,39,750.01
1450,user1450@example.com,AT,999,-50.0
1451,user1451@example.com,CH,-1,1906.1
1452,user1452@example.com,AT,999,333.68
1453,user1453@example.com,XX,67,1605.28
1454,user1454@example.com,DE,999,482.78
1455,user1455@example.com,CH,999,530.33
1456,user1456@example.com,AT,-1,1053.44
1457,user1457@example.com,XX,999,715.07
1458,user1458@example.com,CH,55,-50.0
1459,user1459@example.com,XX,-1,-50.0
1460,user1460@example.com,AT,999,-50.0
1461,user1461@example.com,CH,-1,-50.0
1462,user1462@example.com,CH,999,-50.0
1463,user1463@example.com,CH,-1,1497.83
1464,user1464@example.com,XX,999,600.17
1465,user1465@example.com,CH,-1,43.35
1466,user1466@example.com,DE,-1,710.41
1467,user1467@example.com,AT,999,1619.48
1468,invalid_mail,XX,76,-50.0
1469,user1469@example.com,XX,-1,1752.39
1470,user1470@example.com,DE,52,-50.0
1471,user1471@example.com,DE,999,1511.6
1472,user1472@example.com,CH,-1,1875.33
1473,user1473@example.com,CH,40,-50.0
1474,user1474@example.com,DE,999,-50.0
1475,user1475@example.com,AT,-1,-50.0
1476,user1476@example.com,XX,-1,-50.0
1477,user1477@example.com,XX,999,417.4
1478,invalid_mail,CH,-1,-50.0
1479,user1479@example.com,XX,38,985.61
1480,user1480@example.com,DE,999,529.36
1481,user1481@example.com,CH,999,-50.0
1482,user1482@example.com,XX,36,-50.0
1483,user1483@example.com,DE,-1,-50.0
1484,user1484@example.com,AT,999,1183.17
1485,user1485@example.com,XX,26,-50.0
1486,user1486@example.com,DE,49,1820.45
1487,user1487@example.com,AT,28,915.95
1488,user1488@example.com,AT,20,1294.09
1489,user1489@example.com,CH,-1,825.87
1490,invalid_mail,XX,54,1567.43
1491,user1491@example.com,DE,-1,1847.7
1492,user1492@example.com,AT,71,-50.0
1493,user1493@example.com,CH,-1,-50.0
1494,user1494@example.com,DE,-1,-50.0
1495,user1495@example.com,XX,999,13.8
1496,user1496@example.com,XX,999,-50.0
1497,user1497@example.com,DE,38,-50.0
1498,user1498@example.com,AT,-1,1106.93
1499,user1499@example.com,CH,999,1760.11
1500,user1500@example.com,DE,53,-50.0
1501,user1501@example.com,XX,-1,1898.87
1502,user1502@example.com,CH,19,-50.0
1503,user1503@example.com,CH,55,1305.2
1504,user1504@example.com,DE,-1,-50.0
1505,user1505@example.com,DE,999,784.04
1506,user1506@example.com,CH,-1,748.4
1507,user1507@example.com,AT,999,1554.59
1508,user1508@example.com,XX,999,685.09
1509,user1509@example.com,DE,-1,-50.0
1510,invalid_mail,XX,999,-50.0
1511,user1511@example.com,DE,38,-50.0
1512,invalid_mail,DE,68,800.84
1513,user1513@example.com,CH,71,1408.18
1514,user1514@example.com,DE,-1,-50.0
1515,user1515@example.com,DE,80,-50.0
1516,invalid_mail,DE,-1,107.55
1517,user1517@example.com,AT,77,1359.61
1518,user1518@example.com,DE,72,-50.0
1519,invalid_mail,DE,22,-50.0
1520,user1520@example.com,AT,-1,-50.0
1521,user1521@example.com,AT,38,966.06
1522,user1522@example.com,DE,-1,-50.0
1523,user1523@example.com,DE,44,1359.4
1524,invalid_mail,XX,26,-50.0
1525,invalid_mail,DE,-1,-50.0
1526,user1526@example.com,AT,26,1883.23
1527,user1527@example.com,AT,25,-50.0
1528,invalid_mail,AT,-1,99.95
1529,user1529@example.com,DE,-1,-50.0
1530,user1530@example.com,DE,19,1974.31
1531,user1531@example.com,XX,18,1113.68
1532,user1532@example.com,XX,-1,163.9
1533,user1533@example.com,AT,31,-50.0
1533,user1534@example.com,CH,999,1517.37
1535,user1535@example.com,AT,60,1821.5
1536,user1536@example.com,XX,-1,1183.13
1537,user1537@example.com,CH,39,-50.0
1538,user1538@example.com,CH,-1,1173.3
1539,user1539@example.com,DE,-1,-50.0
1540,user1540@example.com,XX,999,-50.0
1541,user1541@example.com,CH,999,-50.0
1542,user1542@example.com,XX,38,1263.15
1543,user1543@example.com,XX,999,593.8
1544,user1544@example.com,AT,-1,-50.0
1545,user1545@example.com,AT,999,-50.0
1546,user1546@example.com,DE,49,1161.57
1547,user1547@example.com,XX,999,-50.0
1548,user1548@example.com,CH,999,-50.0
1549,user1549@example.com,CH,999,-50.0
1550,user1550@example.com,AT,66,221.52
1551,user1551@example.com,DE,24,1979.11
1552,user1552@example.com,AT,-1,829.06
1553,user1553@example.com,XX,80,-50.0
1554,invalid_mail,CH,-1,339.59
1555,user1555@example.com,DE,999,562.19
1556,user1556@example.com,XX,-1,-50.0
1557,user1557@example.com,DE,-1,558.61
1557,user1558@example.com,DE,32,582.8
1559,user1559@example.com,CH,999,208.14
1560,user1560@example.com,XX,-1,-50.0
1561,user1561@example.com,DE,999,-50.0
1562,user1562@example.com,XX,999,600.2
1563,user1563@example.com,XX,-1,-50.0
1564,user1564@example.com,DE,65,841.37
1565,user1565@example.com,CH,-1,1668.01
1566,user1566@example.com,CH,57,-50.0
1567,invalid_mail,XX,77,-50.0
1568,user1568@example.com,DE,55,255.11
1569,user1569@example.com,AT,30,984.09
1570,user1570@example.com,AT,46,1963.28
1571,user1571@example.com,AT,999,1715.83
1572,user1572@example.com,CH,-1,-50.0
1573,user1573@example.com,AT,-1,-50.0
1574,user1574@example.com,AT,999,-50.0
1575,user1575@example.com,AT,999,1320.71
1576,user1576@example.com,XX,-1,1733.26
1577,user1577@example.com,AT,999,1931.64
1578,user1578@example.com,AT,-1,-50.0
1579,user1579@example.com,DE,-1,800.69
1580,invalid_mail,DE,-1,320.73
1581,user1581@example.com,CH,50,-50.0
1582,user1582@example.com,XX,999,-50.0
1583,user1583@example.com,AT,22,-50.0
1584,user1584@example.com,CH,70,582.21
1585,user1585@example.com,DE,999,684.63
1586,user1586@example.com,CH,-1,-50.0
1587,user1587@example.com,CH,999,1755.84
1588,user1588@example.com,AT,75,-50.0
1589,user1589@example.com,XX,-1,-50.0
1590,user1590@example.com,AT,-1,-50.0
1591,user1591@example.com,CH,73,520.76
1592,invalid_mail,XX,-1,-50.0
1593,user1593@example.com,DE,999,1232.06
1594,user1594@example.com,CH,-1,188.83
1595,user1595@example.com,AT,58,1086.68
1596,user1596@example.com,CH,999,306.7
1597,user1597@example.com,DE,70,1238.68
1598,user1598@example.com,AT,47,-50.0
1599,user1599@example.com,DE,-1,-50.0
1600,user1600@example.com,XX,-1,-50.0
1601,user1601@example.com,DE,999,91.42
1602,user1602@example.com,AT,71,180.94
1603,user1603@example.com,AT,39,-50.0
1604,user1604@example.com,DE,23,-50.0
1605,user1605@example.com,XX,65,475.93
1606,invalid_mail,XX,-1,1884.91
1607,user1607@example.com,XX,-1,943.73
1608,user1608@example.com,CH,24,505.67
1609,user1609@example.com,XX,999,223.56
1610,user1610@example.com,DE,999,707.1
1611,user1611@example.com,DE,999,-50.0
1612,user1612@example.com,XX,49,188.59
1613,user1613@example.com,CH,999,-50.0
1614,user1614@example.com,AT,999,1751.45
1615,user1615@example.com,CH,31,542.75
1615,user1616@example.com,DE,999,-50.0
1617,user1617@example.com,DE,999,260.79
1618,user1618@example.com,AT,999,828.55
1619,user1619@example.com,XX,-1,-50.0
1620,user1620@example.com,CH,26,1991.37
1621,user1621@example.com,AT,32,-50.0
1622,user1622@example.com,CH,-1,-50.0
1623,user1623@example.com,AT,-1,1212.68
1624,user1624@example.com,DE,52,-50.0
1625,invalid_mail,XX,999,496.69
1626,user1626@example.com,DE,77,96.27
1627,user1627@example.com,XX,999,1548.79
1628,user1628@example.com,XX,-1,-50.0
1629,user1629@example.com,CH,-1,1953.63
1630,user1630@example.com,AT,36,-50.0
1631,user1631@example.com,CH,39,-50.0
1632,user1632@example.com,DE,64,1112.68
1633,user1633@example.com,AT,999,-50.0
1634,user1634@example.com,CH,999,-50.0
1635,user1635@example.com,CH,999,-50.0
1636,user1636@example.com,XX,999,-50.0
1637,user1637@example.com,XX,999,-50.0
1638,user1638@example.com,XX,72,762.35
1639,user1639@example.com,XX,999,126.66
1640,user1640@example.com,CH,999,1594.39
1641,user1641@example.com,DE,999,1646.35
1642,user1642@example.com,XX,-1,1213.01
1643,user1643@example.com,DE,22,-50.0
1644,user1644@example.com,AT,-1,-50.0
1645,user1645@example.com,AT,-1,-50.0
1646,user1646@example.com,XX,-1,-50.0
1647,user1647@example.com,CH,-1,-50.0
1648,user1648@example.com,AT,999,1799.64
1649,invalid_mail,DE,74,1927.91
1650,user1650@example.com,CH,-1,64.13
1651,user1651@example.com,CH,999,1964.71
1652,user1652@example.com,CH,-1,789.79
1653,user1653@example.com,DE,38,807.1
1654,user1654@example.com,DE,999,-50.0
1655,user1655@example.com,DE,68,-50.0
1656,user1656@example.com,XX,48,-50.0
1657,user1657@example.com,DE,21,945.49
1658,user1658@example.com,XX,-1,-50.0
1659,user1659@example.com,CH,53,-50.0
1660,user1660@example.com,AT,43,-50.0
1661,user1661@example.com,CH,999,1800.39
1662,user1662@example.com,XX,-1,1385.96
1663,user1663@example.com,XX,999,1521.92
1664,invalid_mail,AT,54,-50.0
1665,user1665@example.com,DE,-1,106.03
1666,user1666@example.com,AT,32,-50.0
1667,user1667@example.com,AT,999,1251.86
1668,user1668@example.com,XX,43,-50.0
1669,user1669@example.com,AT,-1,-50.0
1670,user1670@example.com,AT,29,-50.0
1671,user1671@example.com,CH,-1,-50.0
1672,user1672@example.com,DE,999,-50.0
1673,user1673@example.com,XX,999,-50.0
1674,user1674@example.com,AT,26,-50.0
1675,user1675@example.com,AT,54,1838.25
1676,user1676@example.com,DE,-1,181.3
1677,user1677@example.com,CH,999,-50.0
1678,user1678@example.com,XX,-1,-50.0
1679,user1679@example.com,AT,42,-50.0
1680,user1680@example.com,XX,-1,-50.0
1681,user1681@example.com,DE,999,-50.0
1682,user1682@example.com,CH,41,-50.0
1683,user1683@example.com,XX,999,1263.2
1684,user1684@example.com,AT,-1,-50.0
1685,user1685@example.com,DE,76,-50.0
1686,user1686@example.com,CH,999,1451.74
1687,user1687@example.com,DE,999,-50.0
1688,user1688@example.com,AT,-1,-50.0
1689,user1689@example.com,CH,42,258.67
1690,user1690@example.com,AT,999,1630.62
1690,user1691@example.com,DE,22,96.17
1692,user1692@example.com,DE,-1,-50.0
1693,user1693@example.com,DE,999,356.74
1694,user1694@example.com,CH,66,1100.21
1695,user1695@example.com,DE,-1,-50.0
1696,user1696@example.com,DE,-1,-50.0
1697,user1697@example.com,CH,-1,209.48
1698,user1698@example.com,XX,-1,-50.0
1699,user1699@example.com,AT,999,-50.0
1700,user1700@example.com,AT,999,-50.0
1701,user1701@example.com,CH,-1,-50.0
1702,user1702@example.com,AT,58,1531.93
1703,user1703@example.com,AT,42,1414.91
1704,user1704@example.com,DE,22,-50.0
1705,user1705@example.com,XX,33,667.69
1706,invalid_mail,AT,-1,-50.0
1707,user1707@example.com,AT,-1,-50.0
1708,user1708@example.com,XX,-1,1621.34
1709,user1709@example.com,XX,999,798.85
1710,user1710@example.com,CH,38,1752.53
1711,user1711@example.com,AT,-1,1985.79
1712,invalid_mail,AT,79,1459.63
1713,user1713@example.com,CH,22,1166.66
1714,user1714@example.com,DE,33,1781.96
1715,user1715@example.com,AT,999,1684.32
1715,user1716@example.com,AT,59,-50.0
1717,user1717@example.com,DE,78,-50.0
1718,user1718@example.com,XX,999,1294.47
1719,user1719@example.com,XX,-1,-50.0
1720,user1720@example.com,XX,29,338.55
1721,user1721@example.com,CH,999,-50.0
1722,user1722@example.com,XX,-1,1193.43
1723,user1723@example.com,AT,-1,-50.0
1724,user1724@example.com,DE,-1,1647.02
1725,user1725@example.com,DE,-1,-50.0
1726,user1726@example.com,AT,-1,-50.0
1727,user1727@example.com,XX,40,-50.0
1728,user1728@example.com,DE,-1,1203.24
1729,user1729@example.com,CH,-1,-50.0
1730,user1730@example.com,XX,64,906.89
1731,user1731@example.com,CH,43,1513.79
1732,user1732@example.com,AT,-1,738.11
1733,user1733@example.com,XX,999,-50.0
1734,invalid_mail,XX,65,1252.32
1735,user1735@example.com,AT,-1,1566.54
1736,user1736@example.com,AT,-1,26.31
1737,user1737@example.com,DE,26,1724.99
1738,user1738@example.com,DE,-1,-50.0
1739,user1739@example.com,CH,61,-50.0
1740,user1740@example.com,CH,999,1071.9
1741,user1741@example.com,AT,999,1706.72
1742,user1742@example.com,AT,60,-50.0
1743,user1743@example.com,AT,-1,1452.03
1744,user1744@example.com,XX,34,296.18
1745,user1745@example.com,CH,-1,-50.0
1746,user1746@example.com,XX,41,1536.47
1747,user1747@example.com,CH,38,-50.0
1748,user1748@example.com,AT,999,1105.64
1749,user1749@example.com,CH,-1,-50.0
1750,user1750@example.com,DE,18,-50.0
1751,user1751@example.com,XX,-1,31.76
1752,invalid_mail,AT,-1,27.91
1753,user1753@example.com,CH,999,1753.8
1754,user1754@example.com,CH,19,-50.0
1755,user1755@example.com,CH,999,-50.0
1756,user1756@example.com,AT,-1,-50.0
1757,user1757@example.com,XX,999,1011.75
1758,user1758@example.com,CH,-1,-50.0
1759,user1759@example.com,XX,999,-50.0
1760,user1760@example.com,CH,-1,30.62
1761,user1761@example.com,XX,-1,-50.0
1762,user1762@example.com,DE,24,1104.72
1763,user1763@example.com,XX,999,908.89
1764,user1764@example.com,AT,999,1793.24
1765,user1765@example.com,XX,18,119.84
1766,user1766@example.com,AT,999,-50.0
1767,user1767@example.com,AT,999,192.44
1768,invalid_mail,CH,-1,138.68
1769,user1769@example.com,CH,999,-50.0
1770,user1770@example.com,DE,-1,-50.0
1771,user1771@example.com,AT,23,-50.0
1772,user1772@example.com,AT,-1,1874.16
1773,user1773@example.com,AT,-1,1022.59
1774,user1774@example.com,CH,999,441.75
1775,user1775@example.com,XX,999,1702.68
1776,user1776@example.com,XX,-1,-50.0
1777,user1777@example.com,DE,-1,-50.0
1778,user1778@example.com,CH,999,-50.0
1779,user1779@example.com,DE,51,-50.0
1780,user1780@example.com,XX,999,1253.84
1781,user1781@example.com,DE,999,-50.0
1782,user1782@example.com,AT,34,-50.0
1783,user1783@example.com,DE,999,1281.59
1784,user1784@example.com,XX,-1,1977.01
1785,user1785@example.com,AT,999,-50.0
1786,user1786@example.com,CH,-1,844.21
1787,user1787@example.com,XX,999,-50.0
1788,user1788@example.com,XX,-1,-50.0
1789,user1789@example.com,DE,999,-50.0
1790,user1790@example.com,AT,999,-50.0
1791,invalid_mail,XX,999,1341.98
1792,user1792@example.com,AT,38,1413.17
1793,user1793@example.com,AT,-1,-50.0
1794,user1794@example.com,AT,-1,-50.0
1795,user1795@example.com,CH,22,-50.0
1796,user1796@example.com,DE,64,1915.56
1797,user1797@example.com,CH,66,-50.0
1798,user1798@example.com,XX,51,442.99
1799,user1799@example.com,XX,-1,1242.73
1800,user1800@example.com,CH,-1,-50.0
1801,user1801@example.com,AT,30,-50.0
1802,user1802@example.com,XX,-1,-50.0
1803,user1803@example.com,CH,999,1360.58
1804,user1804@example.com,CH,62,-50.0
1805,user1805@example.com,DE,65,-50.0
1806,invalid_mail,CH,80,-50.0
1807,user1807@example.com,XX,999,-50.0
1808,user1808@example.com,CH,28,-50.0
1809,user1809@example.com,XX,999,1417.13
1810,user1810@example.com,CH,-1,1542.32
1811,user1811@example.com,XX,-1,908.81
1812,user1812@example.com,DE,999,1943.46
1813,user1813@example.com,AT,56,1332.25
1814,user1814@example.com,AT,999,1798.89
1814,user1815@example.com,CH,999,-50.0
1816,user1816@example.com,XX,-1,-50.0
1817,user1817@example.com,CH,69,-50.0
1818,invalid_mail,DE,-1,102.14
1819,user1819@example.com,CH,18,-50.0
1820,user1820@example.com,CH,-1,215.91
1821,user1821@example.com,CH,62,855.62
1822,user1822@example.com,XX,-1,1505.14
1823,user1823@example.com,CH,-1,-50.0
1824,user1824@example.com,AT,-1,-50.0
1825,user1825@example.com,AT,999,-50.0
1826,user1826@example.com,DE,56,1857.64
1827,user1827@example.com,DE,-1,1626.97
1828,user1828@example.com,XX,-1,-50.0
1829,user1829@example.com,AT,999,-50.0
1830,user1830@example.com,XX,-1,1360.17
1831,user1831@example.com,DE,77,780.83
1832,invalid_mail,AT,56,1503.2
1833,user1833@example.com,CH,65,1050.53
1833,user1834@example.com,DE,-1,1943.16
1835,user1835@example.com,XX,-1,-50.0
1836,user1836@example.com,AT,34,-50.0
1837,user1837@example.com,XX,999,-50.0
1838,user1838@example.com,AT,67,1423.8
1839,user1839@example.com,AT,999,382.33
1840,user1840@example.com,AT,999,-50.0
1841,user1841@example.com,AT,56,-50.0
1842,user1842@example.com,AT,999,-50.0
1843,user1843@example.com,CH,-1,1982.1
1844,user1844@example.com,DE,36,-50.0
1845,user1845@example.com,DE,-1,779.96
1846,user1846@example.com,DE,999,-50.0
1847,user1847@example.com,AT,22,-50.0
1848,user1848@example.com,AT,999,-50.0
1849,user1849@example.com,DE,51,1053.02
1850,user1850@example.com,AT,68,-50.0
1851,user1851@example.com,CH,74,-50.0
1852,user1852@example.com,AT,58,1815.05
1853,user1853@example.com,XX,63,-50.0
1854,user1854@example.com,CH,999,-50.0
1855,user1855@example.com,XX,29,1256.52
1856,user1856@example.com,CH,20,1903.78
1857,user1857@example.com,AT,74,-50.0
1858,user1858@example.com,XX,65,1473.93
1859,user1859@example.com,AT,63,-50.0
1860,user1860@example.com,CH,-1,629.65
1861,user1861@example.com,DE,999,-50.0
1862,user1862@example.com,AT,21,1637.13
1863,user1863@example.com,CH,52,-50.0
1864,user1864@example.com,XX,999,-50.0
1865,user1865@example.com,AT,-1,-50.0
1866,user1866@example.com,AT,999,752.11
1867,user1867@example.com,XX,999,975.03
1868,user1868@example.com,CH,999,1920.39
1869,user1869@example.com,XX,999,-50.0
1870,user1870@example.com,XX,999,-50.0
1871,user1871@example.com,AT,999,-50.0
1872,user1872@example.com,AT,63,1448.97
1873,user1873@example.com,AT,65,943.29
1874,user1874@example.com,XX,-1,-50.0
1874,user1875@example.com,CH,999,1147.57
1876,user1876@example.com,XX,999,-50.0
1877,user1877@example.com,DE,999,1205.31
1878,user1878@example.com,DE,38,1626.76
1879,user1879@example.com,CH,72,930.62
1879,user1880@example.com,CH,999,-50.0
1881,user1881@example.com,XX,999,-50.0
1882,user1882@example.com,AT,70,-50.0
1883,user1883@example.com,DE,-1,-50.0
1884,user1884@example.com,DE,71,341.93
1885,user1885@example.com,AT,-1,1328.92
1886,user1886@example.com,AT,43,1389.96
1887,user1887@example.com,XX,48,-50.0
1888,user1888@example.com,XX,999,740.2
1889,user1889@example.com,AT,-1,677.94
1890,user1890@example.com,AT,-1,-50.0
1891,user1891@example.com,CH,23,-50.0
1892,user1892@example.com,CH,999,-50.0
1893,user1893@example.com,XX,77,1615.03
1894,user1894@example.com,CH,70,1462.36
1895,user1895@example.com,CH,-1,1799.74
1896,user1896@example.com,AT,69,-50.0
1897,user1897@example.com,XX,999,1120.88
1898,user1898@example.com,CH,35,659.87
1899,user1899@example.com,XX,-1,-50.0
1900,user1900@example.com,CH,37,1024.41
1901,user1901@example.com,CH,-1,695.16
1902,user1902@example.com,CH,68,1616.57
1903,user1903@example.com,AT,999,1386.36
1904,user1904@example.com,XX,999,1326.66
1905,user1905@example.com,AT,54,250.51
1906,user1906@example.com,DE,999,250.44
1907,user1907@example.com,CH,62,1808.59
1908,user1908@example.com,DE,53,1891.1
1909,user1909@example.com,XX,-1,-50.0
1910,user1910@example.com,XX,-1,-50.0
1911,invalid_mail,CH,61,156.78
1912,user1912@example.com,CH,-1,-50.0
1913,user1913@example.com,DE,999,1534.2
1914,user1914@example.com,DE,999,1008.16
1915,user1915@example.com,AT,-1,907.89
1916,user1916@example.com,AT,-1,-50.0
1917,user1917@example.com,XX,-1,-50.0
1918,user1918@example.com,XX,74,-50.0
1919,user1919@example.com,DE,-1,1249.22
1920,user1920@example.com,DE,999,-50.0
1921,user1921@example.com,DE,999,570.87
1922,invalid_mail,CH,48,-50.0
1923,user1923@example.com,CH,999,-50.0
1924,user1924@example.com,CH,999,-50.0
1925,user1925@example.com,CH,-1,-50.0
1926,user1926@example.com,XX,55,1037.19
1927,user1927@example.com,DE,999,829.47
1928,user1928@example.com,DE,999,-50.0
1929,user1929@example.com,AT,999,1639.13
1930,user1930@example.com,CH,-1,1064.07
1931,user1931@example.com,XX,999,806.13
1932,user1932@example.com,AT,-1,-50.0
1933,user1933@example.com,AT,999,-50.0
1934,user1934@example.com,CH,-1,1643.79
1935,user1935@example.com,XX,77,449.97
1936,user1936@example.com,DE,77,1801.02
1937,user1937@example.com,DE,-1,1738.97
1938,user1938@example.com,DE,999,-50.0
1939,user1939@example.com,CH,-1,-50.0
1940,user1940@example.com,AT,999,1185.07
1941,user1941@example.com,AT,999,-50.0
1942,user1942@example.com,CH,999,-50.0
1943,user1943@example.com,AT,-1,1876.86
1943,invalid_mail,CH,24,-50.0
1945,user1945@example.com,AT,-1,-50.0
1946,user1946@example.com,XX,-1,1775.4
1947,user1947@example.com,AT,40,1562.82
1948,user1948@example.com,AT,-1,-50.0
1949,user1949@example.com,CH,-1,-50.0
1950,user1950@example.com,DE,71,-50.0
1951,user1951@example.com,CH,-1,559.41
1952,user1952@example.com,CH,-1,1674.18
1953,user1953@example.com,CH,18,-50.0
1954,user1954@example.com,AT,-1,-50.0
1955,user1955@example.com,CH,37,1614.84
1956,user1956@example.com,DE,44,-50.0
1957,user1957@example.com,DE,37,-50.0
1958,user1958@example.com,CH,-1,-50.0
1959,user1959@example.com,AT,30,-50.0
1960,user1960@example.com,XX,999,-50.0
1961,invalid_mail,AT,63,-50.0
1962,user1962@example.com,DE,33,-50.0
1963,user1963@example.com,DE,999,327.97
1964,user1964@example.com,CH,77,-50.0
1965,user1965@example.com,DE,999,855.62
1966,user1966@example.com,CH,-1,672.23
1967,user1967@example.com,XX,26,505.41
1968,user1968@example.com,CH,-1,1141.6
1969,user1969@example.com,XX,-1,1183.71
1970,user1970@example.com,XX,-1,-50.0
1971,user1971@example.com,CH,-1,1264.97
1972,user1972@example.com,AT,-1,1250.15
1973,user1973@example.com,CH,47,806.97
1974,user1974@example.com,XX,43,-50.0
1975,user1975@example.com,AT,-1,-50.0
1976,user1976@example.com,XX,999,-50.0
1977,user1977@example.com,DE,999,-50.0
1978,user1978@example.com,AT,79,-50.0
1979,user1979@example.com,XX,-1,-50.0
1980,user1980@example.com,DE,47,1914.68
1981,user1981@example.com,AT,999,-50.0
1982,user1982@example.com,XX,-1,-50.0
1983,user1983@example.com,AT,32,310.56
1984,user1984@example.com,AT,999,450.2
1985,user1985@example.com,AT,999,1763.09
1986,user1986@example.com,AT,64,1682.42
1987,user1987@example.com,CH,-1,497.32
1988,user1988@example.com,XX,-1,-50.0
1989,user1989@example.com,AT,-1,992.27
1990,user1990@example.com,CH,999,-50.0
1991,user1991@example.com,CH,63,1788.2
1992,user1992@example.com,XX,-1,-50.0
1993,user1993@example.com,CH,-1,1959.28
1994,user1994@example.com,XX,-1,-50.0
1995,user1995@example.com,CH,-1,-50.0
1996,user1996@example.com,AT,-1,-50.0
1997,user1997@example.com,DE,52,-50.0
1998,user1998@example.com,AT,-1,-50.0
1999,user1999@example.com,DE,999,-50.0
